Datetime,Water Level (m)
2026-09-15 12:00:00,-0.5324242
2026-09-15 13:00:00,-0.21972945
2026-09-15 14:00:00,0.23087896
2026-09-15 15:00:00,0.68697214
2026-09-15 16:00:00,1.117007
2026-09-15 17:00:00,1.300513
2026-09-15 18:00:00,1.2600908
2026-09-15 19:00:00,0.97297704
2026-09-15 20:00:00,0.54
2026-09-15 21:00:00,0.12597299
2026-09-15 22:00:00,-0.24362092
2026-09-15 23:00:00,-0.39073968
2026-09-16 00:00:00,-0.40788087
2026-09-16 01:00:00,-0.20323664
2026-09-16 02:00:00,0.1508741
2026-09-16 03:00:00,0.50657195
2026-09-16 04:00:00,0.8340459
2026-09-16 05:00:00,1.031727
2026-09-16 06:00:00,1.0231671
2026-09-16 07:00:00,0.80626583
2026-09-16 08:00:00,0.4441286
2026-09-16 09:00:00,0.0717205
2026-09-16 10:00:00,-0.30180514
2026-09-16 11:00:00,-0.4682192
2026-09-16 12:00:00,-0.47619715
2026-09-16 13:00:00,-0.28203613
2026-09-16 14:00:00,0.056009766
2026-09-16 15:00:00,0.45511582
2026-09-16 16:00:00,0.8290064
2026-09-16 17:00:00,1.0699006
2026-09-16 18:00:00,1.1302649
2026-09-16 19:00:00,1.0097755
2026-09-16 20:00:00,0.71115094
2026-09-16 21:00:00,0.38696918
2026-09-16 22:00:00,0.095967
2026-09-16 23:00:00,-0.14170006
2026-09-17 00:00:00,-0.25526294
2026-09-17 01:00:00,-0.20224264
2026-09-17 02:00:00,0.028010594
2026-09-17 03:00:00,0.30982196
2026-09-17 04:00:00,0.57326305
2026-09-17 05:00:00,0.79932207
2026-09-17 06:00:00,0.86356837
2026-09-17 07:00:00,0.77025956
2026-09-17 08:00:00,0.53385156
2026-09-17 09:00:00,0.2483927
2026-09-17 10:00:00,-0.023080636
2026-09-17 11:00:00,-0.21947677
2026-09-17 12:00:00,-0.2970982
2026-09-17 13:00:00,-0.26827407
2026-09-17 14:00:00,-0.07524885
2026-09-17 15:00:00,0.23667002
2026-09-17 16:00:00,0.5592377
2026-09-17 17:00:00,0.8428972
2026-09-17 18:00:00,0.9322613
2026-09-17 19:00:00,0.9285912
2026-09-17 20:00:00,0.78711784
2026-09-17 21:00:00,0.5453684
2026-09-17 22:00:00,0.33764666
2026-09-17 23:00:00,0.14982341
2026-09-18 00:00:00,-0.002345077
2026-09-18 01:00:00,-0.079320334
2026-09-18 02:00:00,-0.016780607
2026-09-18 03:00:00,0.1569355
2026-09-18 04:00:00,0.35401455
2026-09-18 05:00:00,0.525089
2026-09-18 06:00:00,0.6469167
2026-09-18 07:00:00,0.648625
2026-09-18 08:00:00,0.5445145
2026-09-18 09:00:00,0.35771298
2026-09-18 10:00:00,0.17701314
2026-09-18 11:00:00,0.00500421
2026-09-18 12:00:00,-0.09740822
2026-09-18 13:00:00,-0.14437443
2026-09-18 14:00:00,-0.10850332
2026-09-18 15:00:00,0.05647517
2026-09-18 16:00:00,0.2875285
2026-09-18 17:00:00,0.49691337
2026-09-18 18:00:00,0.66724414
2026-09-18 19:00:00,0.760683
2026-09-18 20:00:00,0.7630912
2026-09-18 21:00:00,0.6490362
2026-09-18 22:00:00,0.5049249
2026-09-18 23:00:00,0.38270104
2026-09-19 00:00:00,0.25345826
2026-09-19 01:00:00,0.13264687
2026-09-19 02:00:00,0.0846892
2026-09-19 03:00:00,0.09666048
2026-09-19 04:00:00,0.16593592
2026-09-19 05:00:00,0.2880929
2026-09-19 06:00:00,0.40115246
2026-09-19 07:00:00,0.46932748
2026-09-19 08:00:00,0.47891632
2026-09-19 09:00:00,0.41502258
2026-09-19 10:00:00,0.30099243
2026-09-19 11:00:00,0.21146764
2026-09-19 12:00:00,0.13594417
2026-09-19 13:00:00,0.05668399
2026-09-19 14:00:00,-0.011125163
2026-09-19 15:00:00,0.008250256
2026-09-19 16:00:00,0.103505924
2026-09-19 17:00:00,0.22249852
2026-09-19 18:00:00,0.36326894
2026-09-19 19:00:00,0.5078033
2026-09-19 20:00:00,0.6241211
2026-09-19 21:00:00,0.6708703
2026-09-19 22:00:00,0.6371377
2026-09-19 23:00:00,0.57528514
2026-09-20 00:00:00,0.49104536
2026-09-20 01:00:00,0.39661753
2026-09-20 02:00:00,0.26852545
2026-09-20 03:00:00,0.14006591
2026-09-20 04:00:00,0.075306416
2026-09-20 05:00:00,0.093603514
2026-09-20 06:00:00,0.15624785
2026-09-20 07:00:00,0.24516657
2026-09-20 08:00:00,0.3389558
2026-09-20 09:00:00,0.40684667
2026-09-20 10:00:00,0.42055455
2026-09-20 11:00:00,0.39962164
2026-09-20 12:00:00,0.36044616
2026-09-20 13:00:00,0.28713134
2026-09-20 14:00:00,0.19160198
2026-09-20 15:00:00,0.081928365
2026-09-20 16:00:00,0.031788096
2026-09-20 17:00:00,0.047996376
2026-09-20 18:00:00,0.113269456
2026-09-20 19:00:00,0.22593507
2026-09-20 20:00:00,0.40442112
2026-09-20 21:00:00,0.594736
2026-09-20 22:00:00,0.71041363
2026-09-20 23:00:00,0.7519267
2026-09-21 00:00:00,0.7350708
2026-09-21 01:00:00,0.65502816
2026-09-21 02:00:00,0.49393326
2026-09-21 03:00:00,0.32263726
2026-09-21 04:00:00,0.13065
2026-09-21 05:00:00,0.030567162
2026-09-21 06:00:00,-0.0038289484
2026-09-21 07:00:00,0.0260871
2026-09-21 08:00:00,0.15826769
2026-09-21 09:00:00,0.34050947
2026-09-21 10:00:00,0.48443034
2026-09-21 11:00:00,0.5931001
2026-09-21 12:00:00,0.6255829
